The file key.txt has been uploaded, 2016-05-16 10:46:39,
The file key.txt has been uploaded, 2016-05-16 10:48:27,
The file key.txt has been uploaded, 2016-05-17 10:04:26,
The file key.txt has been uploaded, 2016-05-17 10:09:45,
The file key.txt has been uploaded, 2016-05-17 10:13:10,
The file key.txt has been uploaded, 2016-05-17 10:21:44,
The file key.txt has been uploaded, 2016-05-17 10:29:01,
The file key.txt has been uploaded, 2016-05-17 10:31:23,
The file key.txt has been uploaded, 2016-05-17 10:32:10,
The file key.txt has been uploaded, 2016-05-17 09:35:55,
